crop,district,rainfall,temperature,area,market_price,profit
Rice,Pune,863,23.4,4.35,2604,48077.02
Rice,Aurangabad,1164,18.7,3.25,2738,41395.9
Onion,Pune,1449,22.4,16.6,2058,206849.8
Sugarcane,Jalgaon,1506,24.1,21.86,3877,506122.32
Bajra,Ahmednagar,869,21.4,23.97,2344,199787.48
Rice,Solapur,498,25.9,9.25,2770,59000.62
Tur,Akola,555,39.4,10.08,8265,199749.88
Onion,Ahmednagar,1482,22.2,2.67,2177,33608.54
Soybean,Nashik,776,37.1,10.12,4664,137066.47
Cotton,Ahmednagar,1027,22.6,7.41,7399,242417.88
Onion,Nagpur,1393,34,4.92,1888,54630.62
Groundnut,Kolhapur,1702,25.1,19.44,5757,670248.48
Wheat,Ahmednagar,1121,23.9,6.06,2680,83983.22
Sugarcane,Jalgaon,1110,37.5,16.43,3246,215083.83
Cotton,Kolhapur,1449,29.9,18.93,7138,815294.04
Bajra,Ahmednagar,749,39.9,4.32,2505,22570.31
Wheat,Nashik,613,31.8,20.01,2532,149431.52
Rice,Solapur,1081,31.1,12.23,2757,178372.54
Wheat,Nashik,1696,37.5,19.02,2887,330037.44
Rice,Satara,1190,21.5,1.08,3239,16706.1
Groundnut,Nagpur,1339,38.1,21.89,6005,626004.14
Onion,Kolhapur,613,26.2,4.88,2297,38137.31
Wheat,Aurangabad,963,28.7,3.68,2471,45651.35
Sugarcane,Pune,793,37.3,23.73,3187,223661.22
Rice,Akola,557,20.8,12.41,3062,88903.61
Soybean,Akola,1542,27.3,6.08,4752,171647.96
Soybean,Solapur,1675,32.3,11.51,4729,328981.74
Rice,Kolhapur,760,19.4,1.5,3067,12071.78
Onion,Kolhapur,314,19.6,16.15,1734,63313.84
Wheat,Ahmednagar,445,29.3,7.68,2597,46377.9
Groundnut,Nagpur,1781,38.6,14.71,6184,544780.84
Tur,Solapur,689,20.1,16.82,8062,369016.49
Bajra,Jalgaon,1793,19.2,16.68,2661,262924.88
Wheat,Solapur,1791,25.5,21.68,2354,304347.32
Sugarcane,Akola,1218,21.1,5.4,3573,95600.04
Rice,Jalgaon,1427,20.2,16.65,3053,281523.94
Rice,Kolhapur,640,26.9,12.55,2910,116045.9
Cotton,Solapur,304,39.7,7.36,7165,126235.56
Bajra,Akola,1655,33.8,4.72,2303,63786.96
Wheat,Aurangabad,1410,19.3,8.53,2151,102534.8
Tur,Akola,1387,21.5,24.06,7782,1082991.31
Rice,Aurangabad,439,32.9,6.64,2622,46117.19
Sugarcane,Aurangabad,1517,18.9,2.97,3773,67723.52
Onion,Akola,947,38.6,5.9,2233,43176.86
Sugarcane,Satara,1110,20.9,16.49,3568,266057.41
Rice,Pune,1238,31.7,14.51,2602,214738.81
Groundnut,Kolhapur,1336,23.8,23.4,5770,809110
Maize,Satara,623,27.6,14.04,2209,105342.38
Wheat,Akola,913,38.5,3.49,2237,24043.09
Rice,Nashik,1433,21.4,7.76,2715,126211.63
Sugarcane,Satara,1335,28.7,22.73,3152,426381.76
Bajra,Satara,390,18.1,19.51,2652,123468.25
Cotton,Jalgaon,1429,33.5,14.46,6814,587414.64
Cotton,Akola,373,36.4,14.98,6851,248348.15
Cotton,Pune,931,26,23.39,6740,731454.66
Sugarcane,Kolhapur,1665,20.3,19.72,3516,413545.12
Sugarcane,Nagpur,662,37.4,1.59,3854,15298.33
Bajra,Kolhapur,846,21.5,17.83,2391,146310.88
Tur,Kolhapur,708,36,12.05,8012,266066.43
Sugarcane,Pune,1651,22.2,8.88,3171,168523.88
Maize,Akola,1118,32.9,21.25,2239,232811.18
Rice,Satara,665,30.8,24.61,2539,197704.87
Onion,Solapur,1007,34,8.53,2120,81075.79
Rice,Solapur,1480,22.2,2.07,2946,31616.32
Groundnut,Akola,1706,33.8,18.81,6386,718951.96
Maize,Solapur,443,38.9,23.1,2538,140849.72
Rice,Satara,1338,24.8,10.8,2912,188541.6
Groundnut,Nagpur,692,27.2,23.57,6393,539141.88
Onion,Aurangabad,916,26.9,21.01,1811,178766.89
Sugarcane,Solapur,1487,31.3,8.73,3552,188297.76
Sugarcane,Akola,1269,35.5,24.04,3853,467950.19
Rice,Satara,1355,32.6,15.86,2595,245788.2
Soybean,Kolhapur,707,21.2,2.11,4686,25024.66
Tur,Solapur,1589,30.7,18.24,8093,888796.92
Bajra,Kolhapur,602,32.4,1.13,2768,5315.56
Bajra,Kolhapur,660,35.7,17.7,2475,110445.78
Groundnut,Kolhapur,548,28,20.23,6383,381100.36
Groundnut,Aurangabad,949,38.9,22.39,6327,459757.6
Bajra,Akola,1213,37.7,18.85,2486,207511.32
Soybean,Kolhapur,1605,24.1,19.66,4696,552859.16
Soybean,Jalgaon,458,33.7,6.63,4543,72526.22
Groundnut,Nashik,583,21.3,10.19,5856,142609.39
Rice,Solapur,1134,25.3,12.18,2563,170198.25
Bajra,Solapur,1496,38.8,1.47,2783,25322.12
Bajra,Jalgaon,312,38.7,8.17,2399,48904.59
Groundnut,Akola,1535,37.8,12.72,5979,421370.52
Tur,Pune,1096,25.4,17.3,8114,747114.37
Tur,Nagpur,1574,29.8,22.77,8306,1139011.72
Wheat,Nashik,1616,27.4,21.8,2286,294831.8
Soybean,Solapur,970,22.7,8.84,4979,188684.79
Soybean,Solapur,816,36.4,12.29,4967,195116.06
Wheat,Ahmednagar,759,32.3,19.75,2767,185167.47
Wheat,Kolhapur,708,36.5,15.91,2344,97987.94
Tur,Nashik,1455,38.9,12.16,7962,479375.16
Cotton,Aurangabad,1543,39.2,18.24,7496,702791.03
Soybean,Nashik,1485,18.6,8.49,4893,227068.67
Bajra,Kolhapur,455,31,20.93,2248,109590.54
Soybean,Aurangabad,547,35.5,14.58,4242,149124.06
Groundnut,Solapur,1654,26.2,13.14,6049,472110.16
Bajra,Jalgaon,516,27.5,9.69,2470,62275.41
Bajra,Nagpur,1368,39.2,7.48,2551,90164.58
Tur,Solapur,1797,31,8.74,7951,413369.44
Soybean,Jalgaon,799,34.5,14.68,4884,240537.17
Maize,Pune,1312,36.7,5.36,2117,57186.7
Soybean,Ahmednagar,872,37.4,17.83,4482,259308.18
Wheat,Akola,691,19.9,18.28,2600,131960.26
Sugarcane,Jalgaon,1622,33.7,11.76,3117,216459.52
Soybean,Kolhapur,1128,33.2,8.35,4795,200165.29
Tur,Akola,1387,25.6,24.92,8263,1235902.76
Maize,Jalgaon,854,24.7,6.53,2638,67983.8
Maize,Nashik,1397,38.9,17.56,2096,173136.48
Tur,Satara,1783,31,19.24,8311,959057.84
Rice,Kolhapur,906,23,5.31,2514,57504.34
Cotton,Satara,393,39.4,14.28,7414,251160.61
Tur,Nashik,325,30.6,12.27,8151,240612.65
Cotton,Pune,817,38.7,12.47,6766,238078.15
Tur,Nashik,1481,31.8,2.29,7852,112107.48
Soybean,Nashik,808,20.6,19.35,4820,307544.67
Onion,Kolhapur,1370,26.4,22.8,1804,251429.2
Bajra,Satara,1464,31.7,15.63,2757,255176.46
Sugarcane,Kolhapur,841,32.5,4.77,3277,63637.81
Rice,Nagpur,305,27,17.54,2981,125259.18
Wheat,Kolhapur,890,33.6,17.87,2564,173054.61
Sugarcane,Satara,1580,31,20.29,3302,403950.48
Rice,Akola,760,32.2,22.8,2645,206387.68
Wheat,Nagpur,929,31.1,20.78,2395,223298.96
Rice,Jalgaon,1710,24.7,10.66,2778,180879.88
Groundnut,Jalgaon,1196,19.8,1.96,6142,56079.59
Onion,Satara,352,20,24.09,2089,125396.62
Wheat,Satara,1480,18.9,19.15,2581,275297.5
Tur,Satara,671,39.9,11.46,8203,222109.31
Tur,Ahmednagar,1136,25.3,17.08,7864,740945.22
Bajra,Jalgaon,890,32.6,10.61,2778,122465.75
Wheat,Jalgaon,480,24.9,8.76,2891,62402.38
Groundnut,Pune,1646,37.1,12.09,5755,415540.7
Groundnut,Ahmednagar,1575,34.6,16.01,6478,618121.68
Sugarcane,Satara,1424,20.9,7.91,3815,177882.95
Rice,Pune,1590,31.4,6.74,2662,107742.28
Groundnut,Pune,1431,27,6.39,5816,225545.44
Rice,Nagpur,1320,38.5,8,3222,117429.98
Bajra,Jalgaon,1267,23.4,14.23,2392,192861.42
Onion,Akola,579,37,7.63,1924,35800.29
Groundnut,Satara,305,24.2,8.17,6301,128051.01
Tur,Nagpur,1214,29.8,9.28,8265,464098.2
Bajra,Jalgaon,959,37.1,24.54,2244,200586.42
Bajra,Kolhapur,1141,19,18.87,2722,220043.54
Bajra,Nagpur,1314,39.2,4.03,2604,46525.82
Rice,Jalgaon,504,29.6,11.97,3239,96018.8
Bajra,Nagpur,453,28.3,24.26,2346,138105.5
Rice,Ahmednagar,1681,36.9,10.12,2824,174467.28
Groundnut,Pune,1564,19.5,16.15,5994,577411.63
Rice,Solapur,501,34.7,17.89,2602,113988.47
Cotton,Satara,359,19,20.11,7000,338721
Maize,Solapur,598,23.4,10.89,2598,74347.54
Cotton,Nagpur,461,31.4,10.18,7399,179717.37
Tur,Aurangabad,593,23.1,16.31,8170,351782.67
Wheat,Jalgaon,889,32.9,4.79,2552,49152.89
Onion,Satara,1608,39.2,17.57,1967,185685.6
Sugarcane,Solapur,1289,20.3,10.15,3467,184244.1
Soybean,Satara,344,39.5,16.8,4481,175805.92
Onion,Pune,1541,34.4,20.99,1793,224580.42
Onion,Ahmednagar,748,32,15.9,2194,117850.79
Rice,Pune,932,35.3,1.8,2873,16603.35
Rice,Satara,969,34.4,5.22,2635,59756.64
Maize,Akola,1327,38.1,20.93,2163,215427.41
Soybean,Ahmednagar,535,28.3,2.81,4972,38162.18
Bajra,Akola,1049,20,10.47,2270,101300.78
Rice,Jalgaon,1054,32.8,17.14,3098,251974.63
Maize,Nashik,1682,23.1,1.6,2474,24124.4
Onion,Kolhapur,1626,19.4,20.77,2217,276233.54
Bajra,Nashik,586,19,1.89,2504,8260.14
Rice,Kolhapur,1400,21,11.89,3186,220700.77
Bajra,Aurangabad,1788,21.4,10.96,2101,141178.76
Onion,Solapur,872,18.7,9.89,1954,64298.34
Sugarcane,Ahmednagar,503,39.6,9.82,3760,89491.68
Wheat,Solapur,865,22.2,3.93,2565,34014.61
Sugarcane,Aurangabad,343,19.1,9,3228,73974.8
Sugarcane,Nashik,1435,22.6,6.18,3338,124156.04
Cotton,Aurangabad,305,24.1,24.62,6833,407598.3
Soybean,Nagpur,525,32.5,1.62,4215,17256.92
Sugarcane,Aurangabad,963,18.3,7.37,3229,84602.68
Groundnut,Nashik,430,28.5,19.67,6225,298595.8
Rice,Jalgaon,1331,22.9,15.76,3244,304768.64
Soybean,Jalgaon,1617,39.2,2.46,4690,63932.42
Bajra,Nashik,1304,33.7,11.65,2082,136913.9
Onion,Nagpur,434,20.8,15.98,2099,84484.85
Maize,Solapur,1523,29.7,11.89,2519,181753.46
Rice,Nashik,1640,32.3,19.46,3238,376590.88
Bajra,Jalgaon,767,27.1,20.86,2408,201128.45
Rice,Ahmednagar,1174,24.9,7.12,2656,108941
Rice,Nashik,474,20.1,3.32,3256,27048.81
Cotton,Akola,422,30.9,14.48,7037,241551.82
Bajra,Ahmednagar,1662,38.7,11.15,2738,169932.12
Soybean,Aurangabad,939,25.7,14.87,4417,301246.48
Tur,Kolhapur,521,25.7,14.35,7817,287361.47
Onion,Kolhapur,1178,36.6,24.39,2136,237600.95
Wheat,Aurangabad,1647,36.2,7.42,2284,101160.68
Soybean,Ahmednagar,1018,18.1,21.88,4779,381935.47
Rice,Nagpur,1596,39.4,3.2,3043,49913.6
Bajra,Solapur,1229,25.5,9.88,2738,162622.64
Onion,Aurangabad,473,37.4,4.73,2272,21606.74
Rice,Satara,1207,32.6,12.66,2952,205474.44
Soybean,Kolhapur,1349,20.5,11.32,4490,278978.41
Tur,Akola,1666,24.8,6.29,8313,309629.62
Wheat,Kolhapur,917,38.8,19.42,2882,174368.71
Soybean,Ahmednagar,545,18.2,18.93,4379,196062.73
Bajra,Akola,1741,23.1,14.41,2684,232860.64
Rice,Solapur,386,27.6,12.03,2579,74589.89
Onion,Solapur,1474,26.9,16.36,1796,173182.36
Bajra,Pune,965,21.8,23.74,2471,240444.37
Rice,Solapur,516,23.4,15.13,3036,106531.23
Bajra,Satara,995,22.9,19.7,2078,183669.62
Rice,Akola,1344,22.3,19.63,2859,323268.81
Sugarcane,Nashik,599,23.6,5.16,3256,42035.36
Cotton,Jalgaon,1250,34.6,19.24,7159,720491.63
Onion,Ahmednagar,1584,25,11.55,1980,139459
Soybean,Satara,1511,19.2,13.18,4517,341599.04
Tur,Pune,416,26.1,7.89,8360,154783.96
Onion,Aurangabad,1338,26.5,14.93,2256,197764.48
Tur,Aurangabad,1634,22.1,15.52,8213,762265.56
Wheat,Jalgaon,511,35.8,21.1,2831,139742.84
Groundnut,Nagpur,380,23.5,11.51,6149,173445.98
Groundnut,Aurangabad,625,26,23.03,6096,438468.63
Maize,Aurangabad,407,35.4,16.54,1967,78483.03
Rice,Akola,1689,26.5,7.05,3172,139049.6
Cotton,Ahmednagar,466,30.8,4.39,7058,74445.09
Bajra,Nagpur,1518,33.6,3.03,2572,47929.96
Maize,Nagpur,1672,33.5,23.73,2601,373954.38
Rice,Solapur,1341,26,9.7,2684,154717.8
Maize,Jalgaon,693,23,4.3,1979,26055.88
Rice,Akola,1405,36.4,22.21,2538,304638.92
Onion,Nagpur,1523,26.3,4.89,2209,62524.06
Tur,Pune,1141,26,18.27,8154,845784.97
Tur,Kolhapur,1393,23.3,24.17,8180,1184441.6
Maize,Aurangabad,1202,28.2,7.76,2291,109907.96
Groundnut,Solapur,631,36,20.23,5841,290712.84
Wheat,Jalgaon,1060,30.2,3.46,2628,44677.38
Soybean,Nashik,628,24,22.73,4350,289178.41
Rice,Kolhapur,1223,37.5,23.33,2924,299925.42
Bajra,Akola,1065,23.2,24.87,2383,281444.17
Wheat,Ahmednagar,502,36.5,16.6,2249,86854.16
Wheat,Satara,1267,33.3,4.33,2822,70667.31
Tur,Aurangabad,310,37.9,1.46,7920,25200.68
Groundnut,Aurangabad,1380,27.3,19.63,5943,699900.54
Rice,Pune,788,27.2,20.05,2968,239453.8
Rice,Jalgaon,1522,29.8,16.17,3088,298560.76
Cotton,Satara,1179,18,9.47,7284,290986.98
Cotton,Nashik,1372,39.4,2.62,7238,89946.87
Groundnut,Akola,1434,18.4,21.96,5744,657337.58
Maize,Satara,333,25.9,2.62,2146,10192.05
Onion,Ahmednagar,573,19,14.1,2158,70894.72
Tur,Jalgaon,1593,22,4.24,8433,217033.52
Wheat,Satara,712,19,5.79,2142,33136.65
Soybean,Akola,1115,39.8,14.03,4459,221292.41
Sugarcane,Satara,1031,37,2.15,3771,31644.89
Soybean,Nashik,1053,27.6,10.6,4650,274455.8
Maize,Nagpur,1316,33.2,9.82,2431,137879.12
Rice,Solapur,461,27.5,24.88,2684,165385.24
Soybean,Ahmednagar,510,19.8,16.86,4513,184919.03
Onion,Solapur,641,33.2,9.44,1543,41940.71
Onion,Solapur,862,32.1,20,1558,119904.01
Bajra,Ahmednagar,1350,35.6,17.31,2031,186340.94
Onion,Jalgaon,371,20.8,6.66,2160,35526.44
Maize,Solapur,1461,18.7,4.68,2360,60459.15
Maize,Jalgaon,457,30.6,13.71,2307,76059.53
Soybean,Kolhapur,532,18.6,5.47,4730,63435.44
Groundnut,Nashik,836,35,17.9,5919,361848.4
Tur,Kolhapur,551,21,2.78,7876,54840.67
Rice,Ahmednagar,1667,25.6,2.56,3055,46681.8
Soybean,Nagpur,1757,33.6,17.81,4378,468755.08
Groundnut,Kolhapur,548,39.7,20.01,5942,288452.61
Wheat,Ahmednagar,1434,30.6,12.22,2664,192450.48
Onion,Nashik,434,24.8,24.99,2236,136948.34
Groundnut,Solapur,1138,36.1,2.77,6024,70146.34
Tur,Jalgaon,1692,29.4,4.08,8498,212063.04
Onion,Nagpur,564,27.5,22.86,1556,102245.79
Groundnut,Nagpur,922,21.6,8.74,6426,215950.39
Maize,Akola,881,36.6,7.01,2550,63937.59
Soybean,Nagpur,1580,24.7,13.8,4714,388081.2
Onion,Aurangabad,615,21.8,15.99,2119,88698.59
Onion,Pune,358,19.8,23.77,2289,135031.87
Soybean,Kolhapur,1471,27.2,16.34,4709,465608.36
Soybean,Satara,1289,23.4,20.38,4615,547317.37
Tur,Nashik,1710,19.3,11.55,8195,570522.5
Sugarcane,Ahmednagar,1542,21.2,21.68,3426,446312.08
Bajra,Nagpur,1058,29.3,3.55,2247,45702.24
Rice,Satara,1220,23.5,3.32,2797,52650.99
Onion,Solapur,808,39.2,22.66,1835,116754.41
Maize,Kolhapur,626,29,13.35,2410,103891.04
Tur,Pune,484,38.8,13.13,7946,248918.35
Onion,Ahmednagar,399,19.1,12.88,2169,69758.13
Soybean,Akola,316,36.6,11.34,4470,122647.52
Bajra,Ahmednagar,392,26.8,14.69,2199,78466.94
Groundnut,Satara,450,26.5,11.81,6263,177100.47
Onion,Aurangabad,543,20.8,3.32,1882,15550.78
Groundnut,Ahmednagar,595,22.4,13.22,6212,207615.71
Wheat,Pune,580,33.7,20.3,2631,136309.34
Cotton,Aurangabad,1355,21.1,23.35,7026,910563.2
Bajra,Aurangabad,912,31.1,13.18,2521,148635.84
Tur,Aurangabad,913,28.4,1.4,8039,50866.7
Bajra,Aurangabad,930,35.5,18.41,2704,180619.98
Onion,Jalgaon,843,39.3,19.79,2294,131705.93
Onion,Kolhapur,1777,19.1,12.53,2036,154295.48
Cotton,Kolhapur,364,30.6,17.81,6895,290029.88
Tur,Ahmednagar,1157,21.3,17.57,8120,686966.6
Onion,Jalgaon,1789,19.4,4.31,1712,48461.32
Maize,Jalgaon,1376,26.3,23.96,2370,344445.2
Maize,Akola,1025,32.9,21.82,2597,258511.16
Onion,Jalgaon,693,39.1,7.7,1805,32040.4
Soybean,Satara,1743,22.6,17.92,4524,489281.48
Maize,Akola,1777,24,3.92,2592,64862.84
Bajra,Solapur,1006,39,20.31,2297,154214.81
Soybean,Nashik,1009,38.3,16.74,4965,296552.8
Sugarcane,Kolhapur,1403,24,14.49,3378,290932.32
Rice,Aurangabad,1501,23.3,2.22,3043,39229.76
Sugarcane,Pune,505,27.1,18.22,3202,149668.34
Wheat,Akola,623,27,23.44,2587,197589.98
Sugarcane,Satara,957,24.3,2.42,3887,38554.63
Onion,Kolhapur,1395,34.3,21.41,1538,191409.02
Bajra,Nagpur,374,39.9,10.53,2507,61408.9
Soybean,Pune,318,24.6,15.47,4543,168334.5
Tur,Akola,1373,28.9,23.53,8216,1162602.88
Soybean,Kolhapur,530,25.3,18.55,4863,231255.7
Cotton,Pune,990,35.4,14.63,7475,433151.35
Cotton,Aurangabad,1608,37.7,20.85,7227,874799.22
Rice,Solapur,1670,20.1,24.56,2988,440612.68
Sugarcane,Pune,834,26.4,11.72,3373,166858.44
Soybean,Aurangabad,1780,30.6,7.28,4568,198401.24
Wheat,Nashik,1253,24.7,10.73,2614,166913.85
Rice,Satara,1052,31.5,6.26,2636,84616.21
Cotton,Jalgaon,1540,26.2,17.85,7182,772998.2
Sugarcane,Kolhapur,1693,34.6,21.96,3183,423001.08
Tur,Akola,1741,26,23.01,7814,1074811.84
Groundnut,Akola,714,30.6,4.6,6035,100077.02
Tur,Nashik,1693,22.5,15,7793,704731
Tur,Pune,1228,20.9,10.97,8277,449877.11
Groundnut,Jalgaon,1677,35.8,18.36,6105,671695.8
Wheat,Kolhapur,1484,19.6,11.17,2817,175354.26
Groundnut,Pune,441,39.7,12.33,5993,179042.86
Cotton,Nagpur,1613,39.5,16.5,7130,625239.11
Bajra,Jalgaon,1073,26.3,17.39,2677,255146.05
Cotton,Ahmednagar,542,21.9,13.89,7241,238471.98
Sugarcane,Pune,346,39.5,12.11,3836,115409.5
Bajra,Akola,1076,36.1,6.94,2354,65979.39
Soybean,Kolhapur,1784,34.8,1.77,4876,53651.12
Onion,Pune,792,22.5,3.42,1534,20411.57
Onion,Pune,801,34.3,10.65,1739,66346.96
Sugarcane,Pune,586,29.1,7.94,3849,96449.34
Maize,Aurangabad,1524,35,20.64,2142,265209.28
Cotton,Akola,752,27.1,7.6,7270,219642.43
Cotton,Solapur,1438,28.9,24.33,7358,1075364.84
Groundnut,Ahmednagar,1726,27.2,4.58,6085,165227.8
Groundnut,Jalgaon,793,36.7,8.22,6424,155930.1
Tur,Pune,1451,27.1,11,8242,541168
Bajra,Kolhapur,822,22.5,16.52,2460,146578.17
Rice,Akola,1783,36.2,2.24,2886,43698.84
Onion,Pune,449,22.1,19.28,2241,107851.55
Sugarcane,Jalgaon,727,37.1,8.99,3115,74114.25
Sugarcane,Nashik,1280,38.1,17.7,3820,304530.23
Bajra,Kolhapur,1430,25.1,7.79,2477,119517.98
Maize,Satara,835,25.9,22.19,2377,215066.3
Tur,Ahmednagar,716,26.2,10.93,8276,323323.47
Cotton,Pune,834,30.2,15.02,7437,462262.96
Soybean,Nagpur,701,25.3,10.12,4451,156428.5
Groundnut,Ahmednagar,827,34.8,12.73,6440,282667.95
Tur,Nagpur,1800,35.5,5.06,8437,260101.32
Tur,Nagpur,1410,39.8,23.97,8236,896196.31
Rice,Pune,313,27.1,21.22,2736,135452.01
Cotton,Pune,747,29.1,9.96,7332,283186.71
Tur,Pune,313,29.7,10.87,7717,204994.1
Soybean,Akola,887,18.4,20.52,4890,324842.07
Cotton,Nashik,497,29.5,6.78,7334,128837.97
Soybean,Ahmednagar,847,35.5,2.9,4615,47863.3
Onion,Kolhapur,1727,23,17.42,1582,160869.64
Rice,Solapur,1076,26.3,12.42,3152,207079.87
Cotton,Nashik,1323,36.6,16.48,7039,588144.17
Rice,Akola,387,23.1,22.63,3208,178518.9
Tur,Satara,395,38.3,17.43,7987,338009.18
Onion,Pune,667,38.4,8.55,1712,39747.24
Cotton,Solapur,457,24.6,14.53,7280,255243.16
Groundnut,Ahmednagar,1086,34.6,4.36,6405,122446.06
Groundnut,Ahmednagar,409,20.1,6.57,5777,91671.74
Onion,Aurangabad,1519,26.7,19.57,1530,179130.6
Tur,Jalgaon,767,25.8,23.59,8142,726118.93
Onion,Solapur,475,35,8.09,1752,30220.83
Rice,Satara,615,26.4,19.81,2657,164818.71
Maize,Ahmednagar,518,20,23.63,2355,134452.76
Soybean,Nashik,571,19.9,11.34,4770,133908.32
Groundnut,Solapur,511,18.6,9.49,5795,136766.92
Onion,Ahmednagar,1088,18.3,10.93,2297,94965.81
Groundnut,Kolhapur,1471,29.5,17.45,5873,612177.1
Soybean,Satara,849,28.8,2.52,4645,51109.66
Bajra,Satara,1291,35.2,9.67,2252,117078.01
Onion,Aurangabad,700,28.1,4.25,1506,25298.55
Maize,Aurangabad,1078,35.7,8.91,2242,87426.79
Onion,Nagpur,915,25.1,23.73,1705,181204.93
Maize,Nagpur,1115,39.3,7.99,2611,80373.93
Onion,Kolhapur,967,26.3,20.6,1902,191599.85
Rice,Aurangabad,709,31,14.1,3198,157468.41
Wheat,Jalgaon,1750,22.6,20.14,2809,335572.56
Bajra,Jalgaon,585,31.9,6.81,2674,46954.06
Bajra,Solapur,451,27.9,15.35,2596,97202.64
Groundnut,Akola,1716,27.2,1.88,6068,72243.04
Onion,Nashik,523,34.9,16.78,1863,72751.74
Onion,Pune,1453,39.6,17.26,1909,157037.72
Bajra,Nashik,321,20.2,6.33,2764,45489.69
Groundnut,Aurangabad,1708,30.7,11.7,6100,430806
Onion,Akola,608,25.6,1.59,1607,7462.6
Bajra,Nashik,537,36.3,18.52,2356,104829.49
Maize,Jalgaon,723,29.5,9.36,1999,70718.82
Tur,Ahmednagar,437,24.6,20.44,7817,378840.75
Maize,Nashik,1686,35.6,23.32,2658,370903.36
Groundnut,Nagpur,1430,21.5,14.44,6173,531328.94
Bajra,Nagpur,681,32.1,11.37,2029,70570.06
Tur,Aurangabad,1179,26.6,17.91,7910,848797.93
Rice,Aurangabad,508,35.6,13.89,2874,96147.66
Sugarcane,Jalgaon,533,23.8,21.7,3640,193235.44
Onion,Solapur,1551,26.6,3.74,1860,44239.4
Onion,Nagpur,1679,33.5,8.14,2129,108649.36
Rice,Nagpur,941,20.6,8.33,2687,85738.96
Cotton,Akola,1095,27.2,4.31,7092,175679.25
Cotton,Jalgaon,1601,29.8,23.06,6877,955592.72
Cotton,Jalgaon,891,21.1,8.55,7161,219908.4
Maize,Pune,1292,21,20.57,2475,272234.57
Tur,Solapur,1702,28.8,18.04,8154,885594.96
Cotton,Nashik,1457,18.7,19.27,6999,718679.49
Soybean,Kolhapur,1401,24.4,19.74,4779,569139.76
Groundnut,Akola,531,30.6,7.43,6256,121238.69
Groundnut,Pune,1772,27.7,6.25,6135,226739.5
Sugarcane,Satara,366,27.9,9.37,3189,73907.23
Rice,Kolhapur,729,35.8,15.11,2859,129288.12
Bajra,Nagpur,1561,21.1,5.96,2211,75037.36
Onion,Ahmednagar,1390,24.2,13.93,1831,152828.98
Soybean,Aurangabad,847,39,13.35,4895,183519.89
Cotton,Solapur,421,39.8,21.81,6829,354631.18
Sugarcane,Nagpur,1756,25.1,6.94,3792,159332.88
Tur,Nagpur,1482,31.9,16.07,8084,781864.28
Rice,Nashik,1125,29.3,7.68,2877,129276.37
Tur,Ahmednagar,1491,18.1,19.58,8450,878022.46
Tur,Ahmednagar,429,35.5,10.55,8139,204549.48
Tur,Satara,961,36.2,9.11,8291,278447.37
Onion,Jalgaon,1003,37.7,19.29,1547,104649.21
Tur,Pune,554,38.4,4.79,8167,88898.83
Bajra,Kolhapur,1710,38,22.17,2309,304747.18
Soybean,Nashik,1640,25.9,2.98,4880,84965.4
Wheat,Solapur,1581,24.7,17.79,2339,251696.86
Rice,Nashik,302,22.7,2.87,3107,20106.02
Groundnut,Jalgaon,319,18.2,9.25,5823,131189.6
Cotton,Jalgaon,445,23,3.14,6804,47964.94
Maize,Ahmednagar,912,21,19.56,2671,192005.19
Cotton,Nashik,1386,30.4,15.65,6868,647115.2
Maize,Kolhapur,1586,34.5,23.08,2530,352602.4
Sugarcane,Nashik,505,21.1,3.96,3847,37852.89
Maize,Solapur,944,35.4,6.95,2560,63861.18
Sugarcane,Akola,1530,31.2,15.58,3897,359730.56
Soybean,Kolhapur,1360,31.4,5.53,4601,152503.18
Wheat,Kolhapur,1313,26.5,6.79,2753,116887.22
Rice,Akola,324,39.7,23.41,2635,149381.84
Onion,Solapur,1048,30,5.15,1982,49443.54
Wheat,Aurangabad,438,18.3,6.18,2161,33571.95
Groundnut,Satara,1587,33.7,19.41,6133,715839.18
Rice,Akola,1401,31.6,7.66,2817,125763.32
Groundnut,Kolhapur,618,29.8,10.38,6349,200265.13
Soybean,Solapur,1794,39,6.73,4450,176103
Bajra,Nashik,1228,31.5,2.32,2682,33874.18
Rice,Pune,1749,21,1.27,3008,23600.96
Groundnut,Akola,1776,23.7,9.92,6467,384318.84
Rice,Pune,986,35.8,7.53,2565,74468.51
Onion,Nashik,1316,28,9.64,2011,120603.24
Cotton,Ahmednagar,622,23.6,3.47,7287,68468.07
Sugarcane,Akola,305,19,21.71,3350,170301.4
Tur,Ahmednagar,1084,38.2,5.3,7736,160503.93
Bajra,Kolhapur,959,23.5,22.98,2327,231922.43
Rice,Aurangabad,1063,20.6,17.16,2553,185043.81
Sugarcane,Akola,394,39,2.65,3576,22368.36
Soybean,Ahmednagar,476,30.2,1.19,4405,12357.68
Onion,Satara,1575,23.3,9.84,2005,116576.2
Groundnut,Kolhapur,608,18.1,10.84,5938,158355.01
Maize,Pune,986,18,16.78,2655,156223.56
Rice,Kolhapur,1385,39.6,11.08,2561,125888.61
Soybean,Nashik,389,38.3,22.53,4732,257635.7
Maize,Jalgaon,473,30.8,13.13,2552,81879.62
Rice,Aurangabad,1462,19.4,16.9,2633,246379.56
Soybean,Satara,945,38.4,10.43,4953,170450.36
Maize,Jalgaon,856,23.1,23.65,2039,188772.09
Rice,Nagpur,516,21.6,12.19,2916,82288.5
Groundnut,Ahmednagar,725,27.9,12.12,5822,268413.73
Cotton,Satara,1743,33.3,1.97,7035,80583.7
Rice,Kolhapur,1028,26.7,2.17,2806,31199.42
Cotton,Pune,1128,36.8,14.34,7263,441872.63
Rice,Jalgaon,508,35.7,4.36,2512,22295.57
Sugarcane,Nagpur,705,36.1,9.93,3745,98449.21
Onion,Aurangabad,830,38.2,2.8,1566,11049.63
Tur,Nagpur,488,37.9,20.9,8039,400243.24
Wheat,Jalgaon,403,21.7,14.77,2841,102178.77
Tur,Pune,1083,33,5.15,7919,194367.45
Soybean,Satara,1213,37.4,1.83,4834,38323.35
Soybean,Jalgaon,1143,37.4,12.5,4289,224000.64
Bajra,Nagpur,1158,22.4,22.23,2538,282486.63
Groundnut,Pune,1083,35.2,9.62,6257,267169.93
Maize,Aurangabad,1328,25.1,7.49,1926,86778.44
Onion,Kolhapur,360,37.7,19.68,1559,76362.69
Groundnut,Ahmednagar,1496,40,24.38,5802,676222.65
Sugarcane,Satara,1392,36,23.01,3157,394079.52
Onion,Solapur,1026,38.6,24.8,1677,145052.29
Sugarcane,Aurangabad,951,35.7,17.74,3705,243263.93
Maize,Aurangabad,1454,21.1,23.76,2404,344945.12
Soybean,Nagpur,1304,18.8,2.35,4816,53156.36
Wheat,Akola,1278,18,23.03,2306,238456.03
Maize,Nagpur,962,19.3,4.55,2621,40762.08
Rice,Akola,1047,39.1,9.97,3178,112945.1
Onion,Nashik,989,24.6,4.27,1661,35327.57
Tur,Ahmednagar,656,33.6,14.49,8328,344230.15
Sugarcane,Aurangabad,659,26.3,18.62,3401,207045.55
Cotton,Pune,1737,38.9,10.4,7489,463672.5
Wheat,Nagpur,1533,25,20.41,2726,332444.96
Onion,Nashik,1316,21.1,18.89,1743,178622.45
Maize,Nagpur,1602,37.5,3.13,2625,48469.75
Tur,Pune,843,22.6,17.64,8058,523246.88
Rice,Pune,398,26.5,18.58,2670,120843.64
Tur,Solapur,1019,30,3.43,8190,146961.09
Sugarcane,Nagpur,1224,19.6,21.3,3401,335813.7
Maize,Satara,514,19.6,5.08,2284,25482.53
Rice,Akola,490,25.4,24.65,2994,172632.04
Bajra,Nagpur,1543,37.6,4.77,2103,56558.68
Sugarcane,Kolhapur,1138,33.3,18.33,3847,356220.96
Soybean,Satara,909,23.2,2.19,4785,46679.45
Tur,Nagpur,411,25.9,11.26,8001,221052.02
Tur,Kolhapur,498,18.6,5.1,7998,94237.52
Tur,Nashik,931,35.3,12.3,8376,386415.71
Rice,Akola,1093,22.1,22.25,2878,297927.7
Tur,Pune,839,27.7,7.32,7975,262849.44
Wheat,Nagpur,1726,32.7,3.06,2452,48889.72
Bajra,Aurangabad,765,30.2,21.18,2535,204854.07
Groundnut,Jalgaon,1472,37.4,12.43,5780,388771.54
Wheat,Akola,1469,37.8,20.21,2793,295189.76
Rice,Jalgaon,654,38.9,5.01,2716,30814.18
Cotton,Pune,1167,19.7,17.4,6906,538405.33
Onion,Satara,954,38,22.94,1568,118434.97
Bajra,Akola,1113,30.1,21.56,2532,303868.56
Wheat,Aurangabad,1503,29.5,11.07,2524,165095.08
Cotton,Aurangabad,1504,30.8,24.16,6802,982747.92
Onion,Nashik,885,37.1,22.12,1920,138981
Bajra,Jalgaon,1471,31.4,1.9,2282,27616.8
Cotton,Aurangabad,1546,33,10.64,7105,454014.2
Sugarcane,Pune,1273,38.3,22.53,3120,313926.99
Soybean,Satara,874,36.5,21.6,4901,350252.61
Sugarcane,Nagpur,915,39.4,11.63,3428,120037.53
Bajra,Aurangabad,1622,20,11.6,2416,171090.6
Groundnut,Ahmednagar,415,29.3,4.82,6018,72919.22
Bajra,Nagpur,1373,37.3,1.69,2197,17048.1
Wheat,Kolhapur,367,28,23.03,2821,154184.31
Soybean,Ahmednagar,1250,29.1,16.25,4326,417285
Sugarcane,Ahmednagar,1301,31.1,5.26,3585,117757.6
Groundnut,Ahmednagar,1005,21.6,22.47,6466,609104.43
Soybean,Pune,1091,19.1,21.49,4998,438070.17
Sugarcane,Kolhapur,1687,22.5,16.64,3625,357248
Wheat,Jalgaon,570,32.2,15.43,2108,83703.12
Soybean,Aurangabad,925,33.7,18.02,4481,324610.49
Bajra,Ahmednagar,1240,23.5,12.2,2693,188216.66
Onion,Solapur,1497,20.3,13.28,2178,172787.43
Groundnut,Aurangabad,1547,24.2,17.43,6193,643708.94
Maize,Satara,1611,25.2,7.65,2571,117903.9
Sugarcane,Nagpur,1359,34.8,22.59,3714,471885.42
Maize,Nagpur,1777,18.6,12.94,2202,170213.28
Bajra,Solapur,1095,34.2,14.99,2585,177638.4
Maize,Kolhapur,1705,29.8,19.84,2587,308829.48
Groundnut,Satara,648,36.5,22.04,5885,321067.33
Rice,Jalgaon,562,34.3,18.4,3072,133658.52
Maize,Nashik,755,25.8,18.86,2214,157696.56
Maize,Ahmednagar,833,30.9,12.13,2020,101043.05
Wheat,Aurangabad,1488,38.8,2.71,2299,34842.89
Rice,Solapur,1385,24.6,2.3,2654,33875.2
Sugarcane,Ahmednagar,1138,39.7,22.43,3568,293641.42
Maize,Nagpur,465,28.7,16.14,2081,81487.02
Wheat,Pune,1225,24,19.27,2272,252341.24
Cotton,Jalgaon,480,20.8,11.41,7139,197103.38
Bajra,Jalgaon,1085,18.1,13.81,2748,148246.21
Wheat,Ahmednagar,1387,22.2,17.24,2741,281054.24
Sugarcane,Ahmednagar,939,20.8,10.21,3702,143875
Cotton,Nashik,393,24.6,7.98,7445,146110.64
Onion,Akola,991,27.5,17.48,1637,149332.9
Tur,Ahmednagar,685,21.6,22.77,8113,526227.46
Sugarcane,Kolhapur,1789,39.7,6.07,3122,114957.19
Groundnut,Nagpur,552,26.1,16.61,5738,263963.75
Soybean,Akola,1576,19.1,24.87,4877,713813.14
Wheat,Pune,1712,20.5,11.66,2226,159696.96
Soybean,Jalgaon,1737,21.4,17.68,4845,509109.6
Soybean,Solapur,1655,20.2,13.49,4837,396428.78
Cotton,Solapur,514,29.3,15.82,6989,286830.95
Rice,Jalgaon,706,31.4,19.67,3035,197612.98
Maize,Solapur,904,21.5,14.16,2112,115821.02
Maize,Kolhapur,305,18.3,3.14,2013,19575.97
Tur,Nagpur,484,35.1,2.8,8440,53375.8
Soybean,Kolhapur,1235,39.8,8.1,4675,147135.16
Rice,Nagpur,380,36.7,9.65,3193,74072.88
Bajra,Nashik,494,36.7,22.37,2009,105126.19
Cotton,Ahmednagar,1032,37.7,23.92,6974,617814.81
Maize,Ahmednagar,674,20.5,10.61,2367,67159.99
Bajra,Jalgaon,1163,32.3,20.13,2115,223398.01
Wheat,Nagpur,512,27.2,15.18,2682,110386.36
Cotton,Aurangabad,1077,35.1,15.67,7400,505567.9
Tur,Jalgaon,531,37.5,11.58,7764,215063.09
Maize,Pune,1742,37.1,13.6,2661,221584.6
Onion,Kolhapur,1671,37.2,13.46,2204,174555.04
Bajra,Kolhapur,1286,25.6,17.23,2394,244926.72
Groundnut,Aurangabad,411,18.3,23.42,6217,352133.14
Tur,Nagpur,453,34.5,8.7,8038,167390.44
Wheat,Akola,756,30.1,10.09,2340,84825.08
Tur,Jalgaon,1473,27.9,21.56,8157,1055367.52
Rice,Jalgaon,1638,18.4,10.68,2536,165022.81
Groundnut,Pune,486,35.4,24.12,6352,367694.58
Groundnut,Akola,723,32.4,11.95,6049,238805.23
Wheat,Kolhapur,1230,25.3,19.42,2714,317384.02
Maize,Jalgaon,533,20.1,16.81,1902,77326.29
Maize,Satara,1421,29.5,17.85,1946,206105.6
Tur,Nagpur,1768,34.3,10.82,7960,514972.2
Sugarcane,Nashik,1104,22.7,20.79,3295,332624.17
Rice,Solapur,395,38.4,21.1,3102,154103.28
Tur,Jalgaon,1648,31,13.1,8210,640377
Groundnut,Pune,1433,38.6,21.13,6194,650166.84
Cotton,Aurangabad,655,34.1,4.08,7096,85412.17
Onion,Ahmednagar,1332,37.4,11.05,2123,113502.61
Soybean,Solapur,1002,39.4,11.87,4336,167791.96
Bajra,Aurangabad,1733,37.5,13.3,2718,220871.4
Maize,Akola,1595,22.8,6.03,2631,94949.58
Maize,Nagpur,1754,32.3,24,2415,351648
Maize,Nashik,1021,30.4,14.99,2583,195810.68
Groundnut,Satara,1165,35.8,13.55,5725,357913.76
Cotton,Pune,1672,19.2,7.41,6864,304868.44
Soybean,Nagpur,427,33.2,8.08,4971,100263.63
Wheat,Ahmednagar,1226,20.3,21.83,2857,307340.49
Sugarcane,Akola,1096,23.2,19.82,3812,370687.4
Wheat,Solapur,1093,27.2,19.91,2801,316542.68
Groundnut,Pune,326,34.4,5.87,6499,93816.91
Sugarcane,Ahmednagar,1505,30,15.48,3894,359844.72
Soybean,Jalgaon,663,39.6,2.79,4377,32726.39
Rice,Solapur,383,27.4,14.36,2633,88379.71
Onion,Satara,311,25.3,18.03,1658,67398.98
Cotton,Ahmednagar,1522,19.1,23.38,7330,978348.91
Tur,Aurangabad,1426,25.9,19.82,8025,957941
Sugarcane,Nagpur,1366,19.5,13.12,3525,245365
Groundnut,Solapur,488,25.7,22.2,6379,340753.21
Maize,Ahmednagar,901,22.8,19.06,2443,187749.58
Groundnut,Pune,534,32.7,11.7,6357,177633.43
Wheat,Ahmednagar,1081,38.2,23.68,2495,224015.58
Groundnut,Satara,350,38,20.73,6083,306067.42
Groundnut,Jalgaon,1296,19,22.56,5897,643930.93
Groundnut,Nashik,496,21.7,23.95,6250,362986
Wheat,Nashik,731,32.7,19.57,2801,182176.77
Rice,Kolhapur,1401,36.2,22.09,3259,393017.86
Rice,Nagpur,348,28.1,8.96,2589,51873.86
Wheat,Nagpur,815,30.3,14.8,2333,137814.05
Bajra,Solapur,1223,31.9,11.39,2017,131749.92
Rice,Akola,312,32.1,15.84,3274,129058.38
Wheat,Nashik,1032,38.4,3.55,2802,35706.24
Onion,Nashik,876,34.8,11.5,1904,74614.54
Tur,Nagpur,1392,22.8,18.92,8258,937280.16
Cotton,Satara,1687,37.5,24.17,7446,1080931.92
Wheat,Akola,1436,21.1,2,2686,36454.62
Bajra,Akola,1421,38.8,8.31,2766,112120.45
Sugarcane,Solapur,1622,36.7,4.42,3288,85814.76
Onion,Satara,697,20.5,17.1,2080,95054.58
Groundnut,Jalgaon,1620,30.1,7.98,5768,275278.84
Rice,Kolhapur,1786,30.8,23.84,2865,406909.6
Sugarcane,Nashik,883,31.6,22.6,3425,323742.83
Tur,Ahmednagar,1562,32.5,17.64,7856,835745.04
Onion,Ahmednagar,947,39.1,5.05,1820,28278.03
Sugarcane,Solapur,866,36.5,4.22,3850,54210.29
Tur,Jalgaon,1212,25.9,8.33,8264,409817.72
Cotton,Aurangabad,467,36.5,21.61,6843,358729.35
Sugarcane,Satara,1583,19.7,2.81,3119,55895.34
Wheat,Aurangabad,1485,26.9,15.16,2137,198418.52
Soybean,Akola,1405,28.4,19.6,4574,539332.4
Sugarcane,Aurangabad,895,20.9,13.03,3192,153045.59
Maize,Akola,321,32.6,21.35,2528,127251.72
Groundnut,Nagpur,1213,21.5,14.59,6279,461645
Tur,Ahmednagar,382,22.8,12.7,7764,235977.72
Maize,Kolhapur,387,32.7,13.43,2269,74492.41
Tur,Jalgaon,395,18.9,16.56,7805,313743.92
Soybean,Satara,1485,30,5.17,4869,152237.38
Maize,Aurangabad,1638,37.8,2.87,2157,37579.54
Sugarcane,Akola,1131,25.8,21.83,3598,441933.63
Onion,Pune,1327,37.4,11.56,1735,93733.44
Groundnut,Satara,733,21.3,4.78,6316,88603.81
Sugarcane,Solapur,976,33.8,12.56,3590,192181.19
Sugarcane,Aurangabad,630,32.2,10.86,3349,100801.16
Cotton,Aurangabad,1513,21.5,16.11,6740,655864.4
Cotton,Pune,640,23.7,5.32,7115,115501.03
Onion,Pune,1773,34,20.71,1587,195748.62
Tur,Aurangabad,1265,37.1,5.09,8120,199106.11
Cotton,Aurangabad,672,31.7,13.26,6871,286877.49
Tur,Aurangabad,1509,19.5,10.08,7835,452295.12
Wheat,Kolhapur,1370,36.9,13.1,2529,167705.29
Onion,Nashik,663,28.5,15.75,1539,87987.49
Groundnut,Nashik,490,28.6,4.13,6317,70651.21
Wheat,Solapur,1369,27.3,22,2814,375128
Bajra,Kolhapur,1287,35.4,10.15,2603,141055.98
Rice,Solapur,574,23.6,19.38,2585,130512.07
Onion,Akola,1136,23.7,1.13,2261,8376.75
Onion,Akola,541,29.4,10,1710,47211.7
Bajra,Ahmednagar,518,21.4,16.64,2259,89496.42
Groundnut,Solapur,1456,26,7.61,6396,293552.36
Sugarcane,Solapur,1430,35.2,12.58,3479,257838.36
Groundnut,Jalgaon,819,39.7,14.86,6492,258567.37
Cotton,Nashik,770,27.8,17.78,6865,494558.78
Sugarcane,Akola,1120,35.3,20.22,3728,336556.92
Cotton,Solapur,1602,18.1,3.19,6848,127778.95
Onion,Solapur,480,19.4,6.32,1581,28958.61
Wheat,Solapur,1120,31.5,13.5,2828,206232.1
Wheat,Nagpur,1611,28.9,1.26,2772,24445.32
Soybean,Kolhapur,368,35.2,13.25,4915,155092
Onion,Nagpur,1680,18.8,6.74,1500,58239
Rice,Satara,1118,25.8,10.48,3100,177790.34
Groundnut,Pune,1741,19.5,3.16,5991,117749.36
Onion,Ahmednagar,1011,39.2,7.64,2120,52915.77
Tur,Solapur,1477,18.1,5.2,8218,222283.96
Groundnut,Nashik,1330,24.5,23.73,6225,885537.5
Groundnut,Aurangabad,812,33.3,24.19,6276,544237
Sugarcane,Ahmednagar,1239,33,22.52,3128,390799.7
Rice,Satara,438,26.4,19.93,2725,129109.2
Maize,Solapur,1023,29.4,1.23,2169,12943.62
Soybean,Nashik,1117,32.8,20.71,4277,447336.83
Cotton,Jalgaon,942,25.8,22.46,6975,727329.14
Sugarcane,Jalgaon,708,23.2,6.81,3371,71201.38
Sugarcane,Kolhapur,811,36.4,9.54,3897,112526.28
Rice,Nashik,1684,39,12.82,2506,186614.63
Wheat,Jalgaon,1060,31.7,12.82,2688,170288.62
Tur,Nagpur,1346,24.2,6.33,8290,311955.2
Wheat,Akola,1166,28.5,13.98,2614,219951.32
Bajra,Nagpur,1236,39.5,17.76,2471,178566.29
Wheat,Pune,1680,22.6,14.94,2433,219018.12
Onion,Satara,683,30.1,6.69,1982,45540.21
Maize,Nagpur,1321,27.3,11.06,2670,178280.2
Maize,Solapur,872,27.9,14.71,2489,168452.16
Rice,Satara,782,30.2,21.55,2700,222263.42
Cotton,Jalgaon,319,21.9,12.99,7345,232457.72
Groundnut,Ahmednagar,1296,24.6,14.49,6281,541851.14
Bajra,Nashik,1714,21.6,6.17,2260,86472.2
Rice,Jalgaon,985,23.7,9.65,3070,132547.28
Maize,Pune,1143,20.7,21.82,2520,251891.47
Onion,Aurangabad,1630,32.3,5.19,2299,71253.86
Maize,Ahmednagar,1678,29.2,19.59,2357,273325.78
Bajra,Aurangabad,886,28.2,23.96,2171,244686.76
Bajra,Aurangabad,1470,26.9,22.77,2081,281960.22
Maize,Kolhapur,942,25,7.99,2173,83423.24
Bajra,Satara,1211,35.2,23.53,2765,323970.86
Groundnut,Jalgaon,1147,21.7,21.5,5828,604390.14
Soybean,Nashik,731,21.7,3.47,4265,48333.82
Groundnut,Pune,353,35,13.58,5785,185246.72
Soybean,Aurangabad,618,19.9,23.36,4599,258559.53
Sugarcane,Kolhapur,881,27.7,4.03,3639,66012.68
Wheat,Pune,1658,25.9,22.97,2587,359194.34
Groundnut,Satara,1423,27.8,24.27,6414,937841.68
Cotton,Aurangabad,1523,28,18.97,7277,830394.14
Groundnut,Akola,934,38,12.56,5932,243892.88
Tur,Satara,1049,27.1,4.74,7710,193326.55
Groundnut,Nagpur,1004,24.3,13.84,6404,419117.45
Tur,Satara,318,34.8,20.15,8311,400707.96
Wheat,Akola,1065,22.1,22.17,2547,259122.11
Sugarcane,Nagpur,1764,34.2,10.35,3487,215156.7
Soybean,Nashik,1164,31.8,13.4,4827,350136.3
Soybean,Akola,850,27.1,21.48,4386,411516.4
Soybean,Nashik,1604,28,11.87,4917,353248.74
Sugarcane,Ahmednagar,339,21.3,24.27,3122,179896.26
Rice,Satara,851,20.8,11.52,2508,98474.23
Rice,Nagpur,330,28.9,9.21,2819,65476.18
Maize,Jalgaon,1727,35.4,8.93,2668,140344.44
Wheat,Satara,1103,19.6,12.28,2296,118516.98
Bajra,Pune,549,39.4,18.15,2394,106539.64
Sugarcane,Pune,707,28.1,19.5,3633,264651.8
Tur,Solapur,1695,39.1,23.47,7862,1046575.8
Groundnut,Akola,550,23.6,16.32,5903,242047.11
Wheat,Kolhapur,531,23.2,11.42,2115,55709.92
Soybean,Aurangabad,545,26.7,6.83,4243,85104.15
Tur,Aurangabad,617,26.2,3.15,7861,79784.94
Rice,Aurangabad,993,38.5,24.93,3140,265454.76
Wheat,Ahmednagar,1620,21.4,13.87,2209,180893.98
Tur,Kolhapur,948,39.6,19.93,8474,524410.28
Tur,Kolhapur,343,33.2,9.6,7837,179671.48
Wheat,Jalgaon,1747,27.6,8.07,2813,139234.46
Sugarcane,Aurangabad,682,30,8.77,3579,106066.8
Onion,Akola,628,19.5,4.72,1802,19730.08
Groundnut,Ahmednagar,1229,18,16.31,6088,431937.31
Wheat,Aurangabad,1045,35.1,6.73,2838,77293.24
Groundnut,Solapur,688,29.5,12.94,6264,280075.97
Onion,Satara,960,27,8.73,1598,72617.87
Rice,Pune,565,21.9,1.75,2609,13912.64
Sugarcane,Nashik,365,30.6,21.07,3773,193819.06
Groundnut,Aurangabad,1736,31,2.18,5926,82439.08
Rice,Pune,727,32.4,23.28,2581,201470.95
Wheat,Ahmednagar,1442,34.4,22.37,2477,328417.94
Onion,Satara,1383,18.9,2.69,1811,21309.22
Sugarcane,Akola,498,20.2,6.54,3494,52945.82
Sugarcane,Akola,1645,23.5,16.01,3283,319513.98
Groundnut,Solapur,516,34.9,14.84,6390,230101.24
Bajra,Nashik,641,35.4,14.2,2516,92540.67
Cotton,Akola,1528,27.7,9.46,7022,402580.72
Maize,Ahmednagar,1144,34.8,11.33,2643,141591.32
Onion,Kolhapur,1453,30,10,2063,122942
Maize,Jalgaon,1216,39.1,1,1935,7565.95
Onion,Pune,1360,21,22.37,1506,187262.01
Sugarcane,Kolhapur,944,18.5,20.73,3806,270959.48
Groundnut,Akola,1439,30.6,14.72,5796,507520.72
Tur,Ahmednagar,619,21,9.81,8296,205077.11
Sugarcane,Satara,915,20,10.6,3322,122280.31
Maize,Jalgaon,654,28.7,22.58,2619,205896.96
Rice,Aurangabad,1615,24.6,18.54,3090,344982.6
Rice,Pune,984,25.7,20.61,2926,289190.45
Sugarcane,Aurangabad,323,31.9,16.17,3155,122432.24
Groundnut,Pune,953,29.9,4.59,6214,134404.76
Cotton,Pune,1679,34.1,10.43,7156,452572.48
Onion,Akola,484,22.9,7.95,1903,33734.24
Cotton,Ahmednagar,469,28.5,18.89,7261,338905.55
Soybean,Nashik,1116,29,19.57,4333,485095.93
Tur,Akola,705,28.7,16.65,7900,487225.6
Onion,Akola,804,23.3,7.39,1940,52142.2
Onion,Nashik,530,32.8,11.16,1856,47831.1
Maize,Ahmednagar,1516,32.4,19.47,2073,242896.86
Onion,Jalgaon,1576,21.2,2.08,1739,19973.72
Maize,Nagpur,1791,36.8,3.7,1955,42383
Onion,Nagpur,889,18.3,17.65,1613,91337.6
Tur,Jalgaon,346,25.3,18.76,7916,354748.98
Groundnut,Akola,829,30.1,15.95,5844,378573.01
Bajra,Aurangabad,1658,29.6,7.13,2061,87822.58
Sugarcane,Aurangabad,855,19.2,16.71,3108,163445.31
Bajra,Satara,1657,36.7,16.84,2110,208506.4
Soybean,Solapur,773,39.6,13.2,4926,161046.64
Maize,Jalgaon,1522,29.7,5.47,2412,81664.84
Groundnut,Pune,381,23.4,13.71,6041,201800.06
Bajra,Nagpur,337,25.6,9.45,2640,59828.2
Sugarcane,Akola,864,35.9,16.02,3496,185597.46
Groundnut,Satara,761,21.3,22.53,6372,449785.95
Rice,Solapur,1366,39.1,15.7,3140,224991.99
Bajra,Kolhapur,1473,21.4,24.29,2619,382088.06
Tur,Akola,569,22.5,4.33,8254,86888.39
Cotton,Satara,1710,33.5,13.57,6838,558795.96
Cotton,Aurangabad,623,25,14.38,7436,316701.52
Cotton,Ahmednagar,598,34,19.37,7123,353769.26
Soybean,Jalgaon,1604,38.5,7.57,4997,208418.91
Rice,Nagpur,678,18.6,24.66,3131,191084.54
Onion,Aurangabad,1554,23.1,6.57,2203,82269.26
Maize,Nashik,1709,35.2,4.22,2519,66461.08
Maize,Nagpur,1093,28.8,4.3,2097,49868.98
Wheat,Solapur,330,38.4,23.8,2327,131241.24
Sugarcane,Nashik,662,38.4,24.66,3731,223842.5
Maize,Jalgaon,805,27.4,19.63,2522,209530.46
Maize,Solapur,1552,38.7,14.73,2449,195700.87
Wheat,Akola,523,27.9,20.85,2143,123241.3
Groundnut,Akola,1110,39.6,1.94,6096,46396.29
Wheat,Kolhapur,896,27.7,22.23,2892,303828.3
Tur,Nagpur,1165,24.5,23.06,8406,1067363.02
Cotton,Jalgaon,1623,27.9,18.34,6815,747867.6
Onion,Akola,577,26.6,8.76,1525,37121.62
Tur,Aurangabad,1759,37.7,22.18,7792,1036056.36
Maize,Nagpur,1771,34.1,3.19,2623,52566.22
Maize,Nashik,1372,33.6,18.44,2423,263529.66
Bajra,Akola,1079,19,5.1,2343,52399.97
Cotton,Nagpur,596,21.9,18.09,7129,326626.42
Soybean,Jalgaon,891,31.8,3.82,4334,67031.23
Wheat,Aurangabad,818,18.3,12.94,2610,103605.48
Wheat,Aurangabad,1310,23.2,15.13,2587,232146.52
Bajra,Jalgaon,462,31.2,1.16,2560,6683.04
Onion,Akola,725,19.1,4.56,2168,27603.74
Wheat,Nagpur,366,32.7,21.11,2405,122270.92
Rice,Pune,523,27.2,5.28,3188,45358.79
Onion,Aurangabad,1472,35.3,5.26,1966,65914.98
Maize,Pune,490,34.9,8.75,2288,44156
Bajra,Akola,432,24.4,4.23,2711,27018.07
Maize,Akola,1147,29.5,17.7,2526,255784.84
Rice,Aurangabad,1794,39.5,13.69,2589,212049.57
Onion,Satara,1174,31.4,8.6,2038,101726.81
Onion,Ahmednagar,565,31.5,12.91,2246,80334.54
Tur,Nagpur,1548,23.1,7.97,7898,372707.36
Rice,Pune,1252,31.8,3.83,2712,62364.95
Bajra,Pune,983,25.7,20.35,2217,213579.08
Sugarcane,Satara,821,35.4,8.39,3618,104139.93
Maize,Pune,533,33.1,9.19,2641,62570.9
Onion,Pune,659,22.3,21.01,2188,133719.73
Tur,Pune,1622,21,4.73,8171,235689.98
Maize,Jalgaon,1147,38.4,2.34,2433,22657.85
Onion,Ahmednagar,1437,29.8,6,2201,79670
Maize,Nashik,605,24.2,1.75,2284,15016.37
Cotton,Aurangabad,1540,26.6,15.28,7469,684807.92
Maize,Pune,856,27.1,12.93,2143,123793.75
Tur,Satara,742,29.6,5.2,8083,153073.96
Sugarcane,Nashik,1208,29.1,20.18,3612,434864.96
Sugarcane,Ahmednagar,1290,34.1,13.57,3894,289991.22
Cotton,Nashik,1357,32.9,4.19,7441,182664.74
Tur,Solapur,1761,37,3.78,8018,177569.24
Onion,Nashik,982,28.3,2.11,2033,22360.56
Wheat,Aurangabad,939,32.1,6.04,2305,58347.65
Soybean,Satara,1390,25,11.59,4320,299879.8
Cotton,Nagpur,860,20.5,24,7273,603880.88
Rice,Kolhapur,1411,25.7,8.64,2644,136705.96
Onion,Kolhapur,650,19.6,15.72,1846,76287.72
Tur,Pune,566,18.6,22.68,7751,418637.43
Bajra,Pune,476,27.4,5.3,2610,39126.03
Tur,Aurangabad,1028,24.9,20.62,8430,858293.2
Rice,Jalgaon,1462,20.9,20.51,3215,395142.45
Rice,Jalgaon,935,33.1,18.05,2976,225039.25
Sugarcane,Kolhapur,594,36.9,15.81,3472,133164.57
Cotton,Ahmednagar,965,28,1.73,7186,60831.23
Maize,Jalgaon,1244,36.6,7.77,2256,87863.57
Onion,Nagpur,1340,20.3,20.62,1609,176590.1
Groundnut,Nashik,918,29.7,10.62,6123,299235.68
Onion,Kolhapur,1422,21.5,12.58,1567,117692.16
Sugarcane,Aurangabad,1182,35.3,11.45,3450,192348.98
Sugarcane,Nagpur,1657,32.7,18.74,3828,434827.32
Tur,Nashik,1512,31.1,8.81,7799,414549.14
Cotton,Satara,1131,19.5,3.61,7310,115286.32
Maize,Jalgaon,1620,32.5,3.17,2042,43353.84
Wheat,Nagpur,1653,21.3,13.75,2499,210635.5
Tur,Kolhapur,721,33,8.6,8283,228253.75
Bajra,Ahmednagar,482,30.8,15.68,2522,96529.9
Cotton,Satara,427,26.1,14.17,6754,224703.03
Groundnut,Ahmednagar,524,36.9,21.78,5940,312568.68
Onion,Solapur,1580,25,10.19,1890,117684.6
Groundnut,Kolhapur,1656,21.8,4.34,6268,164519.72
Maize,Solapur,615,24.3,21.95,2028,125200.25
Wheat,Nashik,1627,18.3,18.31,2598,281466.33
Cotton,Nashik,581,32.1,10.98,7166,215392.51
Bajra,Aurangabad,668,28,11.18,2460,99286.31
Maize,Kolhapur,680,27.3,1.18,2410,8950.87
Groundnut,Satara,1141,38.4,14.83,5734,333698.87
Onion,Jalgaon,1743,26.1,14.93,2207,194014.06
Cotton,Akola,872,28.2,2.88,7324,93892.09
Sugarcane,Jalgaon,1591,34.3,24.05,3179,462563.7
Onion,Satara,1555,19.2,9.25,2297,119698.11
Tur,Jalgaon,1349,37.9,14.78,8039,574642.84
Maize,Satara,892,21.7,17.68,2511,166828.48
Onion,Satara,425,31.8,14.88,2086,70340.23
Soybean,Aurangabad,355,24.3,2.98,4717,29994.98
Soybean,Satara,571,31.5,7.61,4463,86595.14
Rice,Aurangabad,657,38,18.74,3174,145070.82
Maize,Nagpur,835,35.2,6.67,2085,50708.54
Wheat,Ahmednagar,472,39.3,15.29,2257,85947.87
Bajra,Solapur,787,32.5,18.42,2171,141127.01
Onion,Ahmednagar,411,32.1,19.13,1618,70145.62
Cotton,Jalgaon,1116,28.5,12.43,7470,547168.77
Sugarcane,Solapur,1699,33.5,12.39,3248,245146.32
Bajra,Pune,891,38.4,11.77,2694,98615.1
Groundnut,Pune,499,38.2,16.3,6142,239741.04
Maize,Satara,846,35.7,7.13,2498,61143.8
Tur,Kolhapur,1676,31,5.68,8045,272120.6
Maize,Akola,321,32.8,20.96,1912,97918.25
Rice,Akola,512,33.1,9.44,3242,73091.75
Soybean,Kolhapur,369,18.5,3.21,4808,35592.83
Onion,Nashik,1750,39.1,3.07,2119,35379.34
Bajra,Aurangabad,678,37.7,17.7,2259,97660.65
Tur,Nashik,1608,28,24.89,8487,1269443.58
Maize,Satara,631,35.2,7.65,1963,39679.15
Bajra,Ahmednagar,423,23.7,20.51,2182,109624.77
Rice,Jalgaon,710,31.4,5.28,3003,50012.16
Cotton,Akola,1183,22.8,16.44,7152,612500.99
Rice,Pune,449,19.5,18.46,3295,148286.68
Wheat,Jalgaon,604,32.4,1.02,2138,7391.63
Soybean,Nagpur,1733,25.3,10.39,4203,265459.02
Tur,Jalgaon,1193,26.9,18.47,7771,865031.22
Sugarcane,Pune,1087,39,20.63,3593,269140.47
Onion,Akola,1035,25.3,8.27,1556,61124.14
Maize,Akola,996,19.8,12.03,2684,124385.41
Sugarcane,Nagpur,1435,18.9,10.22,3295,179444.58
Bajra,Nashik,1591,33.2,12.68,2647,203558.76
Sugarcane,Nagpur,373,22.2,18.27,3707,161451.54
Tur,Solapur,429,35.4,16.44,8211,327721.22
Tur,Pune,375,25.5,9.11,8438,180189.43
Bajra,Nashik,733,35.8,17.02,2469,125357.82
Cotton,Aurangabad,777,38.3,1.89,6844,38209.5
Wheat,Jalgaon,1566,19,17.83,2233,228005.85
Cotton,Pune,929,36.1,3.34,7325,86285.43
Onion,Nashik,517,20.5,15.28,2130,76724.36
Rice,Kolhapur,1172,25.4,21.06,3255,392935.7
Maize,Nashik,1701,30.7,4.3,2118,50390.4
Onion,Nagpur,987,19.4,7.57,2275,66468.44
Cotton,Ahmednagar,1433,21.6,6.85,7295,295490.5
Cotton,Nashik,1594,31.5,19.66,6716,795197.36
Rice,Pune,314,21.9,3.14,3167,28593.51
Soybean,Solapur,1720,35.8,19.54,4908,572492.92
Sugarcane,Nagpur,1610,24,11.81,3344,234814.84
Onion,Pune,1521,22,13,1590,123954
Maize,Solapur,309,30.3,5.61,2442,29446.09
Onion,Ahmednagar,1405,29.2,12.14,2141,154359.44
Soybean,Pune,696,20.5,4.58,4685,62888.12
Cotton,Nagpur,1672,38.3,2.3,7072,94916.73
Sugarcane,Solapur,814,25.4,20.32,3876,314715.32
Wheat,Nashik,407,38.3,5.22,2129,29619.11
Groundnut,Nashik,445,37.7,18.31,6306,281608.86
Maize,Solapur,707,34.4,22.56,2135,139675.59
Maize,Kolhapur,500,23.2,10.9,2104,56192.64
Sugarcane,Nashik,1264,30.9,2.3,3546,46308.8
Sugarcane,Aurangabad,1231,21.9,9.96,3568,184054.56
Maize,Satara,714,25.4,1.77,2482,11256.22
Soybean,Nagpur,527,36.7,12.01,4375,126734
Sugarcane,Satara,1536,21.4,20.07,3726,446468.92
Onion,Akola,770,19.9,21.57,2000,127873.97
Onion,Jalgaon,1247,24.1,18.52,2253,240468.43
Sugarcane,Ahmednagar,1189,30.7,22.4,3705,476354.74
Onion,Pune,1155,39.6,1.96,1981,17930.58
Wheat,Solapur,1387,26.7,20.43,2813,341422.54
